{"cameraMode":{"drawMode":0,"name":"Shaded","section":"Shading Mode"},"sceneLighting":true,"audioPlay":false,"sceneViewState":{"showFog":true,"showMaterialUpdate":false,"showSkybox":true,"showFlares":true,"showImageEffects":true,"showParticleSystems":true},"in2DMode":false,"pivot":{"x":-0.18221405148506165,"y":-3.600006103515625,"z":0.8523802757263184},"rotation":{"x":-0.1846255660057068,"y":0.7932201623916626,"z":-0.29207614064216616,"w":-0.5014057159423828},"size":50.341548919677737,"orthographic":false}